classId,nameTh,nameEn,label,category,hours,unit,numberQuestion,numberRecap,numberReviewer,stats/how,stats/homework,stats/interest,stats/updateAt
1175123,วอลเลย์บอลเพื่อสุขภาพ,Volleyball for Health,01175123 วอลเลย์บอลเพื่อสุขภาพ (Volleyball for Health),ยังไม่มีข้อมูล,0-0-0,0,7,0,11,94.54545454545456,94.54545454545456,98.1818181818182,2023-11-15T03:19:24.557Z
1175117,ฝึกสมาธิด้วยกิจกรรมยิงธนู,Meditation with Archery Activity,01175117 ฝึกสมาธิด้วยกิจกรรมยิงธนู (Meditation with Archery Activity),ยังไม่มีข้อมูล,0-0-0,0,5,0,7,-171.42857142857142,-180.0,-171.42857142857142,2023-11-16T00:25:04.903Z
1175131,ว่ายน้ำเพื่อสุขภาพ,Swimming for Health,01175131 ว่ายน้ำเพื่อสุขภาพ (Swimming for Health),ยังไม่มีข้อมูล,0-0-0,0,2,0,14,88.57142857142857,94.28571428571428,95.71428571428572,2023-11-14T15:49:46.671Z
1175141,การเต้นแอโรบิกเพื่อสุขภาพ,Aerobic Dance for Health,01175141 การเต้นแอโรบิกเพื่อสุขภาพ (Aerobic Dance for Health),ยังไม่มีข้อมูล,0-0-0,0,4,0,1,80.0,100.0,80.0,2021-11-18T14:54:32.911Z
1175153,ศิลปะการป้องกันตัวและการต่อสู้ด้วยมวยไทย,Martial Art with Thai Boxing,01175153 ศิลปะการป้องกันตัวและการต่อสู้ด้วยมวยไทย (Martial Art with Thai Boxing),ยังไม่มีข้อมูล,0-0-0,0,1,0,5,92.0,80.0,92.0,2023-11-09T17:42:12.665Z
1175154,ศิลปะการป้องกันตัวและการต่อสู้ด้วยมวยสากล,Martial Art with Boxing,01175154 ศิลปะการป้องกันตัวและการต่อสู้ด้วยมวยสากล (Martial Art with Boxing),ยังไม่มีข้อมูล,0-0-0,0,1,0,2,60.0,60.0,60.0,2021-11-23T00:29:10.861Z
1175156,ศิลปะการป้องกันตัวและการต่อสู้ด้วยไอกิโด,Martial Art with Aikido,01175156 ศิลปะการป้องกันตัวและการต่อสู้ด้วยไอกิโด (Martial Art with Aikido),ยังไม่มีข้อมูล,0-0-0,0,1,0,1,-1800.0,-1800.0,-1040.0,2024-01-12T10:25:00.219Z
1175164,จักรยานเพื่อสุขภาพ,Cycling for Health,01175164 จักรยานเพื่อสุขภาพ (Cycling for Health),ยังไม่มีข้อมูล,0-0-0,0,0,0,0,0.0,0.0,0.0,2020-05-04T16:26:45.188Z
3768112,การฝึกโดยการใช้น้ำหนัก,Weight Training,03768112 การฝึกโดยการใช้น้ำหนัก  (Weight Training),ยังไม่มีข้อมูล,0-0-0,0,0,0,0,0.0,0.0,0.0,2022-04-15T18:22:27.853Z
3768141,นาฏศิลป์และลีลาศ,Thai Classical and Social Dances,03768141 นาฏศิลป์และลีลาศ (Thai Classical and Social Dances),ยังไม่มีข้อมูล,0-0-0,0,0,0,0,0.0,0.0,0.0,2020-05-03T12:28:00.203Z
4804311,ปรัชญาเศรษฐกิจพอเพียง,Philosophy of Sufficiency Economy,04804311 ปรัชญาเศรษฐกิจพอเพียง (Philosophy of Sufficiency Economy),ยังไม่มีข้อมูล,0-0-0,0,0,0,0,0.0,0.0,0.0,2020-05-03T12:28:00.203Z
1999041,เศรษฐศาสตร์เพื่อการดำเนินชีวิตที่ดี,Economics for Better Living,01999041 เศรษฐศาสตร์เพื่อการดำเนินชีวิตที่ดี (Economics for Better Living),ยังไม่มีข้อมูล,0-0-0,0,7,0,20,74.0,81.0,71.0,2023-11-27T20:01:56.781Z
1999043,การคิดสร้างสรรค์เพื่อการจัดการคุณค่า,Creativity for Value Management,01999043 การคิดสร้างสรรค์เพื่อการจัดการคุณค่า (Creativity for Value Management),ยังไม่มีข้อมูล,0-0-0,0,3,0,9,64.44444444444444,68.88888888888889,68.88888888888889,2023-11-13T03:12:34.758Z
1460101,สังคมและวัฒนธรรมไทยร่วมสมัย,Contemporary Thai Society and Culture,01460101 สังคมและวัฒนธรรมไทยร่วมสมัย (Contemporary Thai Society and Culture),ยังไม่มีข้อมูล,0-0-0,0,4,0,11,83.63636363636364,89.0909090909091,80.0,2023-11-15T16:04:04.563Z
1999141,มนุษย์กับสังคม,Man and Society,01999141 มนุษย์กับสังคม (Man and Society),ยังไม่มีข้อมูล,0-0-0,0,7,0,39,72.3076923076923,91.7948717948718,66.66666666666667,2023-11-22T15:18:01.116Z
2701011,การใช้ภาษาไทยเพื่อธุรกิจ,"Thai Usage for Business, Science and Technology","02701011 การใช้ภาษาไทยเพื่อธุรกิจ วิทยาศาสตร์และเทคโนโลยี (Thai Usage for Business, Science and Technology)",ยังไม่มีข้อมูล,0-0-0,0,0,0,1,80.0,80.0,60.0,2021-11-21T12:00:12.642Z
1354311,ภาษาเขมร,Khmer l,01354311 ภาษาเขมร l (Khmer l),ยังไม่มีข้อมูล,0-0-0,0,0,0,0,0.0,0.0,0.0,2020-05-03T12:28:00.204Z
1355114,ภาษาอังกฤษสำหรับนิสิตเตรียมแพทย์,English for Pre-Medical Students l,01355114 ภาษาอังกฤษสำหรับนิสิตเตรียมแพทย์ l (English for Pre-Medical Students l),ยังไม่มีข้อมูล,0-0-0,0,0,0,0,0.0,0.0,0.0,2020-05-03T12:28:00.204Z
1355203,โครงสร้างภาษาอังกฤษเบื้องต้น,Fundamental English Structure,01355203 โครงสร้างภาษาอังกฤษเบื้องต้น (Fundamental English Structure),ยังไม่มีข้อมูล,0-0-0,0,27,0,18,-11.11111111111111,-15.555555555555555,-14.444444444444445,2023-11-27T17:46:11.568Z
1355205,การอ่านภาษาอังกฤษด้านสื่อมวลชน,Reading for Mass Communication in English,01355205 การอ่านภาษาอังกฤษด้านสื่อมวลชน (Reading for Mass Communication in English),ยังไม่มีข้อมูล,0-0-0,0,3,0,10,80.0,86.0,78.0,2023-04-10T10:16:51.206Z
1356102,ภาษาฝรั่งเศสเบื้องต้น,Elementary French ll,01356102 ภาษาฝรั่งเศสเบื้องต้น ll (Elementary French ll),ยังไม่มีข้อมูล,0-0-0,0,0,0,1,100.0,100.0,100.0,2023-04-06T00:46:17.517Z
1356104,ภาษาฝรั่งเศสเบื้องต้น,Elementary French lV,01356104 ภาษาฝรั่งเศสเบื้องต้น lV (Elementary French lV),ยังไม่มีข้อมูล,0-0-0,0,0,0,0,0.0,0.0,0.0,2020-05-03T12:28:00.204Z
1357113,ภาษาเยอรมันเบื้องต้น,Elementary German lll,01357113 ภาษาเยอรมันเบื้องต้น lll (Elementary German lll),ยังไม่มีข้อมูล,0-0-0,0,0,0,0,0.0,0.0,0.0,2020-05-03T12:28:00.204Z
1398102,ภาษามลายูเพื่อการสื่อสาร,Communicative Malayu ll,01398102 ภาษามลายูเพื่อการสื่อสาร ll (Communicative Malayu ll),ยังไม่มีข้อมูล,0-0-0,0,0,0,0,0.0,0.0,0.0,2020-05-03T12:28:00.204Z
1399101,ภาษาเวียดนามเพื่อการสื่อสาร,Communicative Vietnamese l,01399101 ภาษาเวียดนามเพื่อการสื่อสาร l (Communicative Vietnamese l),ยังไม่มีข้อมูล,0-0-0,0,2,0,4,100.0,95.0,100.0,2023-04-09T21:26:56.153Z
1399103,ภาษาเวียดนามเพื่อการสื่อสาร,Communicative Vietnamese lll,01399103 ภาษาเวียดนามเพื่อการสื่อสาร lll (Communicative Vietnamese lll),ยังไม่มีข้อมูล,0-0-0,0,0,0,0,0.0,0.0,0.0,2020-05-03T12:28:00.204Z
3754112,ภาษาอังกฤษ,Foundation English ll,03754112 ภาษาอังกฤษ lll (Foundation English ll),ยังไม่มีข้อมูล,0-0-0,0,1,0,0,0.0,0.0,0.0,2020-05-03T12:28:00.204Z
3754113,ภาษาอังกฤษ,Foundation English lll,03754113 ภาษาอังกฤษ lll (Foundation English lll),ยังไม่มีข้อมูล,0-0-0,0,0,0,0,0.0,0.0,0.0,2020-05-03T12:28:00.204Z
3754271,ภาษาอังกฤษในงานอาชีพ,English for Careers,03754271 ภาษาอังกฤษในงานอาชีพ (English for Careers),ยังไม่มีข้อมูล,0-0-0,0,0,0,1,20.0,20.0,40.0,2021-11-11T23:59:07.813Z
1999013,การจัดการสารสนเทศยุคใหม่ในชีวิตประจำวัน,New Age Information Management In Everyday Life,01999013 การจัดการสารสนเทศยุคใหม่ในชีวิตประจำวัน (New Age Information Management In Everyday Life),ยังไม่มีข้อมูล,0-0-0,0,12,0,4,85.0,70.0,90.0,2023-11-13T00:02:49.233Z
2729102,การประยุกต์คอมพิวเตอร์ในชีวิตประจำวัน,Computer Application in Everyday Life,02729102 การประยุกต์คอมพิวเตอร์ในชีวิตประจำวัน (Computer Application in Everyday Life),ยังไม่มีข้อมูล,0-0-0,0,0,0,0,0.0,0.0,0.0,2020-05-03T12:28:00.204Z
3752111,ทรัพยากรสารสนเทศเพื่อการค้นคว้า,Information Resources for Research,03752111 ทรัพยากรสารสนเทศเพื่อการค้นคว้า (Information Resources for Research),ยังไม่มีข้อมูล,0-0-0,0,0,0,1,40.0,40.0,100.0,2022-04-04T16:02:06.418Z
1255101,มนุษย์กับทะเล,Man and Sea,01255101 มนุษย์กับทะเล (Man and Sea),ยังไม่มีข้อมูล,0-0-0,0,30,2,75,-5.599999999999986,-6.666666666666655,-6.133333333333309,2023-11-22T19:09:38.005Z
1999035,วัฒนธรรมดนตรีกับชีวิต,Music Culture in Life,01999035 วัฒนธรรมดนตรีกับชีวิต (Music Culture in Life),ยังไม่มีข้อมูล,0-0-0,0,13,0,25,2.400000000000001,10.399999999999984,8.0,2023-11-24T15:36:58.407Z
2708102,วรรณกรรมกับวิทยาศาสตร์,Literature and Science,02708102 วรรณกรรมกับวิทยาศาสตร์ (Literature and Science),ยังไม่มีข้อมูล,0-0-0,0,4,0,4,70.0,70.0,60.0,2023-11-16T19:01:06.383Z
3751111,มนุษย์กับสิ่งแวดล้อม,Man and Environment,03751111 มนุษย์กับสิ่งแวดล้อม (Man and Environment),ยังไม่มีข้อมูล,0-0-0,0,2,0,3,93.33333333333331,93.33333333333331,86.66666666666667,2021-11-25T12:05:51.772Z
1177141,การแสวงหาความรู้,Knowledge Acquisition,01177141 การแสวงหาความรู้ (Knowledge Acquisition),ยังไม่มีข้อมูล,0-0-0,0,18,0,32,93.125,90.0,83.75,2023-11-30T21:38:47.627Z
1387102,ปรัชญาสำหรับโลกยุคใหม่,Philosophy for New World,01387102 ปรัชญาสำหรับโลกยุคใหม่ (Philosophy for New World),ยังไม่มีข้อมูล,0-0-0,0,10,0,41,81.46341463414635,84.39024390243902,81.46341463414635,2023-11-30T03:29:09.097Z
1453102,กฎหมายในชีวิตประจำวัน,Law in Everyday Life,01453102 กฎหมายในชีวิตประจำ (Law in Everyday Life),ยังไม่มีข้อมูล,0-0-0,3,9,0,12,84.99999999999999,93.33333333333331,90.0,2022-12-27T15:42:22.385Z
1999023,ทักษะจำเป็นทางคอมพิวเตอร์,Essential Computer Skill,01999023 ทักษะจำเป็นทางคอมพิวเตอร์ (Essential Computer Skill),ยังไม่มีข้อมูล,0-0-0,0,3,0,0,0.0,0.0,0.0,0001-01-01T00:00:00Z
1418104,รู้ทันไอที,IT Updates,01418104 รู้ทันไอที (IT Updates),ยังไม่มีข้อมูล,0-0-0,2,2,0,1,100.0,100.0,80.0,2020-05-05T00:34:25.922Z
1421201,รังสี ชีวิต และสิ่งแวดล้อม,"Radiation, Life and Environment","01421201 รังสี ชีวิต และสิ่ง (Radiation, Life and Environment)",ยังไม่มีข้อมูล,0-0-0,2,3,0,1,100.0,100.0,100.0,2022-05-06T00:34:25.549Z
1402101,การรู้เท่าทันผลิตภัณฑ์เสริมความงาม,Beauty Products Literacy,01402101 การรู้เท่าทันผลิตภัณฑ์เสริมความงาม (Beauty Products Literacy),ยังไม่มีข้อมูล,0-0-0,3,9,0,12,86.66666666666667,83.33333333333333,85.0,2023-11-24T11:12:27.543Z
1175118,แชร์บอลเพื่อสุขภาพ,Chair Ball Health,01175118 แชร์บอลเพื่อสุขภาพ (Chair Ball Health),ยังไม่มีข้อมูล,0-0-0,1,7,0,3,-533.3333333333334,-533.3333333333334,-533.3333333333334,2023-04-13T20:54:44.09Z
1175167,โยคะเพื่อสุขภาพ,yoga for health,01175167 โยคะเพื่อสุขภาพ (yoga for health),ยังไม่มีข้อมูล,0-0-0,1,6,0,2,100.0,100.0,90.0,2022-11-20T17:25:02.188Z
1175112,แบดมินตันเพื่อสุขภาพ,Badminton for Health,01175112 แบดมินตันเพื่อสุขภาพ (Badminton for Health),ยังไม่มีข้อมูล,0-0-0,0,9,0,6,90.0,90.0,93.33333333333331,2023-06-22T11:42:15.269Z
1175126,ตะกร้อเพื่อสุขภาพ,Takraw for Health,01175126 ตะกร้อเพื่อสุขภาพ (Takraw for Health),ยังไม่มีข้อมูล,0-0-0,0,0,0,5,-280.0,-284.0,-284.0,2023-10-17T17:38:27.436Z
1175129,ฟุตซอลเพื่อสุขภาพ,Futsal for Health,01175129 ฟุตซอลเพื่อสุขภาพ (Futsal for Health),ยังไม่มีข้อมูล,0-0-0,0,2,0,4,100.0,100.0,100.0,2023-11-24T13:48:53.85Z
1175133,กระโดดน้ำ,Diving,01175133 กระโดดน้ำ (Diving),ยังไม่มีข้อมูล,0-0-0,0,0,0,0,0.0,0.0,0.0,2020-05-03T12:28:00.203Z
1175143,การเต้นลีลาศเพื่อสุขภาพ,Social Dance for Health,01175143 การเต้นลีลาศเพื่อสุขภาพ (Social Dance for Health),ยังไม่มีข้อมูล,0-0-0,0,11,0,13,95.3846153846154,100.0,98.46153846153848,2023-06-24T18:17:58.659Z
1175157,ศิลปะการป้องกันตัวและการต่อสู้ด้วยกระบี่กระบอง,Martial Art with Krabi-Krabong,01175157 ศิลปะการป้องกันตัวและการต่อสู้ด้วยกระบี่กระบอง (Martial Art with Krabi-Krabong),ยังไม่มีข้อมูล,0-0-0,0,0,0,0,0.0,0.0,0.0,2020-05-03T12:28:00.203Z
1175159,ศิลปะการป้องกันตัวและการต่อสู้ด้วยคาราเต้,Martial Art with Karate,01175159 ศิลปะการป้องกันตัวและการต่อสู้ด้วยคาราเต้ (Martial Art with Karate),ยังไม่มีข้อมูล,0-0-0,0,0,0,0,0.0,0.0,0.0,2020-05-03T12:28:00.203Z
1175161,ฝึกสมองด้วยการเล่นบริดจ์,Brain Training with Playing Bridge,01175161 ฝึกสมองด้วยการเล่นบริดจ์ (Brain Training with Playing Bridge),ยังไม่มีข้อมูล,0-0-0,0,0,0,8,-137.5,-140.0,-140.0,2023-09-14T20:06:01.465Z
1175169,การออกกาลังกายเพื่อพัฒนาสุขภาพแบบองค์รวม,Exercise for developing Holistic Health,01175169 การออกกาลังกายเพื่อพัฒนาสุขภาพแบบองค์รวม (Exercise for developing Holistic Health),ยังไม่มีข้อมูล,0-0-0,0,3,0,1,80.0,60.0,80.0,2021-11-25T12:28:45.477Z
1175119,เปตอง,Pe’tanque,03768111 เปตอง (Pe’tanque),ยังไม่มีข้อมูล,0-0-0,0,4,0,4,70.0,100.0,80.0,2023-11-22T23:18:44.927Z
1173151,เอดส์ศึกษา,AIDS Education,01173151 เอดส์ศึกษา (AIDS Education),ยังไม่มีข้อมูล,0-0-0,0,4,0,4,90.0,85.0,90.0,2023-06-13T10:15:44.576Z
1174231,นันทนาการเบื้องต้น1,Introduction to Recreation,01174231 นันทนาการเบื้องต้น1 (Introduction to Recreation),ยังไม่มีข้อมูล,0-0-0,0,2,0,12,96.66666666666669,86.66666666666667,93.33333333333331,2023-12-03T23:03:08.765Z
1387103,ปรัชญาเศรษฐกิจพอเพียงกับพุทธศาสนา,Philosophy of Sufficiency Economics and Buddhism,01387103 ปรัชญาเศรษฐกิจพอเพียงกับพุทธศาสนา (Philosophy of Sufficiency Economics and Buddhism),ยังไม่มีข้อมูล,0-0-0,0,6,1,9,77.77777777777777,88.88888888888889,77.77777777777777,2023-11-08T19:51:32.045Z
1999048,นวัตกรรมเพื่อสิ่งแวดล้อมและสุขภาวะ,Innovation for Environment and Health,01999048 นวัตกรรมเพื่อสิ่งแวดล้อมและสุขภาวะ (Innovation for Environment and Health),ยังไม่มีข้อมูล,0-0-0,0,10,0,10,66.0,76.0,62.0,2023-11-23T14:06:08.285Z
2032303,การเกษตรกับคุณภาพชีวิตที่ดี,Agriculture and Quality of Life,02032303 การเกษตรกับคุณภาพชีวิตที่ดี (Agriculture and Quality of Life),ยังไม่มีข้อมูล,0-0-0,0,0,0,0,0.0,0.0,0.0,2020-05-03T12:28:00.203Z
1174122,การเรียนรู้เชิงนันทนาการโดยการเดินทางในต่างประเทศแบบประหยัด,Recreational Learning through Backpack Traveling,01174122 การเรียนรู้เชิงนันทนาการโดยการเดินทางในต่างประเทศแบบประหยัด (Recreational Learning through Backpack Traveling),ยังไม่มีข้อมูล,0-0-0,0,4,0,2,80.0,80.0,60.0,2021-06-24T17:06:05.322Z
1350101,วิถีชีวิตและวัฒนธรรมในอาเซียน,Ways of Life and Culture in ASEAN,01350101 วิถีชีวิตและวัฒนธรรมในอาเซียน (Ways of Life and Culture in ASEAN),ยังไม่มีข้อมูล,0-0-0,0,0,0,0,0.0,0.0,0.0,2020-05-03T12:28:00.204Z
2999147,ไทยในพลวัตอาเซียน,The Thai in ASEAN Dynamics,02999147 ไทยในพลวัตอาเซียน (The Thai in ASEAN Dynamics),ยังไม่มีข้อมูล,0-0-0,0,0,0,0,0.0,0.0,0.0,2020-05-03T12:28:00.204Z
1361102,การเขียนภาษาไทยเชิงปฏิบัติ,Thai Pratical Writing,01361102 การเขียนภาษาไทยเชิงปฏิบัติ (Thai Pratical Writing),ยังไม่มีข้อมูล,0-0-0,0,1,0,11,92.72727272727272,81.81818181818181,83.63636363636364,2023-11-12T01:53:51.644Z
1361222,การอ่านภาษาไทยเชิงวิจารณ์,Thai Critical Reading,01361222 การอ่านภาษาไทยเชิงวิจารณ์ (Thai Critical Reading),ยังไม่มีข้อมูล,0-0-0,0,0,0,1,100.0,100.0,100.0,2021-11-21T18:48:16.725Z
1999021,ภาษาไทยเพื่อการสื่อสาร,Thai Language for Communication,01999021 ภาษาไทยเพื่อการสื่อสาร (Thai Language for Communication),ยังไม่มีข้อมูล,0-0-0,0,3,0,35,48.57142857142857,31.428571428571427,39.42857142857143,2023-11-30T03:35:03.646Z
1355204,การฟัง-การพูดภาษาอังกฤษเบื้องต้น,Fundamental English Listening-Speaking,01355204 การฟัง-การพูดภาษาอังกฤษเบื้องต้น (Fundamental English Listening-Speaking),ยังไม่มีข้อมูล,0-0-0,0,6,0,7,94.28571428571428,97.14285714285714,91.42857142857144,2022-04-20T19:52:45.735Z
1355302,การเขียนรายงานภาษาอังกฤษ,Report Writing in English,01355302 การเขียนรายงานภาษาอังกฤษ (Report Writing in English),ยังไม่มีข้อมูล,0-0-0,0,1,0,1,100.0,100.0,100.0,2021-12-10T23:55:31.314Z
1355303,ภาษาอังกฤษเพื่อการสมัครงาน,English for Employment,01355303 ภาษาอังกฤษเพื่อการสมัครงาน (English for Employment),ยังไม่มีข้อมูล,0-0-0,0,2,0,3,-546.6666666666666,-413.3333333333333,-413.3333333333333,2023-11-16T21:48:58.581Z
1356101,ภาษาฝรั่งเศสเบื้องต้น,Elementary French l,01356101 ภาษาฝรั่งเศสเบื้องต้น l (Elementary French l),ยังไม่มีข้อมูล,0-0-0,0,3,0,9,88.88888888888889,95.55555555555556,100.0,2023-11-28T11:16:31.193Z
1357114,ภาษาเยอรมันเบื้องต้น,Elementary German lV,01357114 ภาษาเยอรมันเบื้องต้น lV (Elementary German lV),ยังไม่มีข้อมูล,0-0-0,0,0,0,0,0.0,0.0,0.0,2020-05-03T12:28:00.204Z
1398103,ภาษามลายูเพื่อการสื่อสาร,Communicative Malayu lll,01398103 ภาษามลายูเพื่อการสื่อสาร lll (Communicative Malayu lll),ยังไม่มีข้อมูล,0-0-0,0,0,0,0,0.0,0.0,0.0,2020-05-03T12:28:00.204Z
1399102,ภาษาเวียดนามเพื่อการสื่อสาร,Communicative Vietnamese ll,01399102 ภาษาเวียดนามเพื่อการสื่อสาร ll (Communicative Vietnamese ll),ยังไม่มีข้อมูล,0-0-0,0,0,0,0,0.0,0.0,0.0,2020-05-03T12:28:00.204Z
1399104,ภาษาเวียดนามเพื่อการสื่อสาร,Communicative Vietnamese lV,01399104 ภาษาเวียดนามเพื่อการสื่อสาร lV (Communicative Vietnamese lV),ยังไม่มีข้อมูล,0-0-0,0,0,0,0,0.0,0.0,0.0,2020-05-03T12:28:00.204Z
1371111,สื่อสารสนเทศ,Information Media,01371111 สื่อสารสนเทศ (Information Media),ยังไม่มีข้อมูล,0-0-0,0,9,0,41,88.29268292682927,86.34146341463416,78.04878048780486,2023-11-30T03:44:52.554Z
1007101,พืชสวนเพื่อคุณภาพชีวิตและสิ่งแวดล้อม,Horticulture for life Quality and Environment,01007101 พืชสวนเพื่อคุณภาพชีวิตและสิ่งแวดล้อม (Horticulture for life Quality and Environment),ยังไม่มีข้อมูล,0-0-0,0,5,0,17,100.0,92.94117647058825,94.11764705882354,2023-05-26T09:58:56.888Z
1376101,วรรณกรรมกับชีวิต,Literature and Life,01376101 วรรณกรรมกับชีวิต (Literature and Life),ยังไม่มีข้อมูล,0-0-0,0,0,0,2,100.0,100.0,100.0,2023-11-14T11:02:50.463Z
1420201,อัญมณีและเครื่องประดับ,Gems and Jewelry,01420201 อัญมณีและเครื่องประดับ (Gems and Jewelry),ยังไม่มีข้อมูล,0-0-0,0,2,0,2,70.0,90.0,80.0,2023-11-11T16:27:25.502Z
1176141,การวางแผนเพื่ออาชีพสำหรับคนรุ่นใหม่,Career Planning for the New Generation,01176141 การวางแผนเพื่ออาชีพสำหรับคนรุ่นใหม่ (Career Planning for the New Generation),ยังไม่มีข้อมูล,0-0-0,2,6,0,10,28.0,-90.0,-48.0,2023-11-15T01:30:20.612Z
1175111,กรีฑาลู่-ลาน,Track and Field for Health,01175111 กรีฑาลู่-ลาน เพื่อสุขภาพ (Track and Field for Health),ยังไม่มีข้อมูล,0-0-0,0,1,0,5,92.0,88.0,76.0,2023-06-23T06:26:55.15Z
1175113,เทนนิสเพื่อสุขภาพ,Tennis for Health,01175113 เทนนิสเพื่อสุขภาพ (Tennis for Health),ยังไม่มีข้อมูล,0-0-0,0,2,0,1,100.0,100.0,100.0,2020-10-31T14:16:39.448Z
1175114,เทเบิลเทนนิสเพื่อสุขภาพ,Table Tennis for Health,01175114 เทเบิลเทนนิสเพื่อสุขภาพ (Table Tennis for Health),ยังไม่มีข้อมูล,0-0-0,0,6,0,12,86.66666666666667,93.33333333333331,81.66666666666667,2023-04-03T17:27:21.733Z
1175115,ฝึกสมาธิด้วยกิจกรรมยิงปืน,Meditation with Shooting Activity,01175115 ฝึกสมาธิด้วยกิจกรรมยิงปืน (Meditation with Shooting Activity),ยังไม่มีข้อมูล,0-0-0,0,8,0,9,75.55555555555556,75.55555555555556,75.55555555555556,2023-11-23T11:27:53.75Z
1175121,บาสเกตบอลเพื่อสุขภาพ,Basketball for Health,01175121 บาสเกตบอลเพื่อสุขภาพ (Basketball for Health),ยังไม่มีข้อมูล,0-0-0,0,1,0,8,95.0,92.5,95.0,2022-04-15T01:57:38.7Z
1175122,ฟุตบอลเพื่อสุขภาพ,Soccer for Health,01175122 ฟุตบอลเพื่อสุขภาพ (Soccer for Health),ยังไม่มีข้อมูล,0-0-0,0,2,0,3,100.0,66.66666666666667,80.0,2022-04-17T20:20:55.128Z
1175128,รักบี้ฟุตบอลเพื่อสุขภาพ,Rugby Football for Health,01175128 รักบี้ฟุตบอลเพื่อสุขภาพ (Rugby Football for Health),ยังไม่มีข้อมูล,0-0-0,0,2,0,2,90.0,90.0,80.0,2022-11-15T11:03:11.742Z
1175134,โปโลน้ำ,Water Polo,01175134 โปโลน้ำ (Water Polo),ยังไม่มีข้อมูล,0-0-0,0,0,0,0,0.0,0.0,0.0,2020-05-03T12:28:00.203Z
1175142,การเต้นรำพื้นเมืองตามวัฒนธรรมท้องถิ่นเพื่อสุขภาพ,Folk Dance by Local Culture for Health,01175142 การเต้นรำพื้นเมืองตามวัฒนธรรมท้องถิ่นเพื่อสุขภาพ (Folk Dance by Local Culture for Health),ยังไม่มีข้อมูล,0-0-0,0,2,0,1,100.0,100.0,80.0,2020-05-17T22:11:52.45Z
1175144,รำไทยเพื่อสุขภาพ,Thai Classical Dance for Health,01175144 รำไทยเพื่อสุขภาพ (Thai Classical Dance for Health),ยังไม่มีข้อมูล,0-0-0,0,1,0,12,98.33333333333331,96.66666666666669,95.0,2023-12-02T13:30:12.893Z
1175151,ศิลปะการป้องกันตัวและการต่อสู้ด้วยดาบไทย,Martial Art with Thai Sword,01175151 ศิลปะการป้องกันตัวและการต่อสู้ด้วยดาบไทย (Martial Art with Thai Sword),ยังไม่มีข้อมูล,0-0-0,0,2,0,11,89.0909090909091,87.27272727272727,85.45454545454545,2023-11-14T13:11:23.079Z
1175152,ศิลปะการป้องกันตัวและการต่อสู้ด้วยดาบสากล,Martial Art with Fencing,01175152 ศิลปะการป้องกันตัวและการต่อสู้ด้วยดาบสากล (Martial Art with Fencing),ยังไม่มีข้อมูล,0-0-0,0,6,0,7,88.57142857142857,97.14285714285714,85.71428571428571,2023-11-12T23:26:40.861Z
1175155,ศิลปะการป้องกันตัวและการต่อสู้ด้วยยูโด,Martial Art with Judo,01175155 ศิลปะการป้องกันตัวและการต่อสู้ด้วยยูโด (Martial Art with Judo),ยังไม่มีข้อมูล,0-0-0,0,1,0,1,100.0,100.0,100.0,2020-11-27T01:17:17.281Z
1175166,ศิลปะการป้องกันตัวและการต่อสู้ด้วยเทควันโด,Martial Art with Taekwondo,01175166 ศิลปะการป้องกันตัวและการต่อสู้ด้วยเทควันโด (Martial Art with Taekwondo),ยังไม่มีข้อมูล,0-0-0,0,3,0,6,96.66666666666669,96.66666666666669,90.0,2023-11-06T18:58:22.242Z
3768151,กระบี่กระบอง,Sword and Pole Fighting,03768151 กระบี่กระบอง (Sword and Pole Fighting),ยังไม่มีข้อมูล,0-0-0,0,0,0,0,0.0,0.0,0.0,2020-05-03T12:28:00.203Z
1387101,ศิลปะการอยู่ร่วมกับผู้อื่น,The Art of Living with Others,01387101 ศิลปะการอยู่ร่วมกับผู้อื่น (The Art of Living with Others),ยังไม่มีข้อมูล,0-0-0,0,13,0,34,83.52941176470588,83.52941176470588,74.70588235294117,2023-12-02T13:48:47.615Z
1459101,จิตวิทยาเพื่อชีวิตสมัยใหม่,Psychology for Modern Life,01459101 จิตวิทยาเพื่อชีวิตสมัยใหม่ (Psychology for Modern Life),ยังไม่มีข้อมูล,0-0-0,0,13,0,36,24.444444444444443,-9.444444444444445,20.55555555555556,2024-01-11T22:34:50.179Z
1999036,ความสุขในพลวัตของชีวิต,Happiness amongst Life Dynamics,01999036 ความสุขในพลวัตของชีวิต (Happiness amongst Life Dynamics),ยังไม่มีข้อมูล,0-0-0,0,4,0,9,84.44444444444444,75.55555555555556,86.66666666666667,2023-11-25T16:53:21.137Z
1999213,สิ่งแวดล้อม,"Environment, Technology and Life","01999213 สิ่งแวดล้อม เทคโนโลยี และชีวิต (Environment, Technology and Life)",ยังไม่มีข้อมูล,0-0-0,0,3,0,12,63.33333333333332,65.0,61.66666666666666,2021-11-28T12:01:49.021Z
2999044,เศรษฐกิจพอเพียงเพื่อการดำรงชีวิต,Sufficiency Economy for Living,02999044 เศรษฐกิจพอเพียงเพื่อการดำรงชีวิต (Sufficiency Economy for Living),ยังไม่มีข้อมูล,0-0-0,0,0,0,0,0.0,0.0,0.0,2020-05-03T12:28:00.203Z
2999045,การเพิ่มคุณค่าชีวิตด้วยวิถีชุมชนชนบท,Enhancement of Living Value Through Rural Community Path,02999045 การเพิ่มคุณค่าชีวิตด้วยวิถีชุมชนชนบท (Enhancement of Living Value Through Rural Community Path),ยังไม่มีข้อมูล,0-0-0,0,0,0,0,0.0,0.0,0.0,2020-05-03T12:28:00.203Z
4401112,บุคลิกภาพและมารยาททางสังคมสาหรับการบริการชุมชน,Personality and Social Etiquette for Community Service,04401112 บุคลิกภาพและมารยาททางสังคมสาหรับการบริการชุมชน (Personality and Social Etiquette for Community Service),ยังไม่มีข้อมูล,0-0-0,0,0,0,0,0.0,0.0,0.0,2023-04-13T18:54:48.666Z
1005101,เทคโนโลยีเกษตรสมัยใหม่,Modern Agriculture Technology,01005101 เทคโนโลยีเกษตรสมัยใหม่ (Modern Agriculture Technology),ยังไม่มีข้อมูล,0-0-0,0,11,0,10,72.0,74.0,68.0,2023-11-01T20:11:51.159Z
2717011,ตนและการพัฒนาตน,Self and Self Development,02717011 ตนและการพัฒนาตน (Self and Self Development),ยังไม่มีข้อมูล,0-0-0,0,0,0,0,0.0,0.0,0.0,2020-05-03T12:28:00.203Z
3757123,คณิตศาสตร์สำหรับธุรกิจ,Mathematics for Business,03757123 คณิตศาสตร์สำหรับธุรกิจ (Mathematics for Business),ยังไม่มีข้อมูล,0-0-0,0,1,0,0,0.0,0.0,0.0,2020-05-03T12:28:00.203Z
1001317,พระมหากษัตริย์และผู้นำประเทศกับการพัฒนาภาคการเกษตร,Kings and State Leaders on Agricultural Sector Development,01001317 พระมหากษัตริย์และผู้นำประเทศกับการพัฒนาภาคการเกษตร (Kings and State Leaders on Agricultural Sector Development),ยังไม่มีข้อมูล,0-0-0,0,16,0,20,84.99999999999999,92.0,73.0,2023-11-23T21:10:56.722Z
1015202,เกษตรวิถีไทย,Thai Lives Agiculture,01015202 เกษตรวิถีไทย (Thai Lives Agiculture),ยังไม่มีข้อมูล,0-0-0,0,5,0,5,76.0,76.0,64.0,2023-04-12T00:27:01.3Z
1387104,ปรัชญาและศาสนาในประเทศอาเซียน,Philosophy and Religion in ASEAN Countries,01387104 ปรัชญาและศาสนาในประเทศอาเซียน (Philosophy and Religion in ASEAN Countries),ยังไม่มีข้อมูล,0-0-0,0,1,0,4,95.0,95.0,90.0,2021-11-21T13:30:58.235Z
1450101,สังคมไทยกับประชาคมอาเซียนในโลกปัจจุบัน,Thai Society and ASEAN Community in Today is World,01450101 สังคมไทยกับประชาคมอาเซียนในโลกปัจจุบัน (Thai Society and ASEAN Community in Today is World),ยังไม่มีข้อมูล,0-0-0,0,0,0,0,0.0,0.0,0.0,2020-05-03T12:28:00.204Z
1455101,การเมืองโลกในชีวิตประจำวัน,World Politics in Daily Life,01455101 การเมืองโลกในชีวิตประจำวัน (World Politics in Daily Life),ยังไม่มีข้อมูล,0-0-0,0,1,0,1,40.0,40.0,60.0,2021-04-27T18:10:02.431Z
1999032,ไทยศึกษา,Thai Studies,01999032 ไทยศึกษา (Thai Studies),ยังไม่มีข้อมูล,0-0-0,0,4,0,12,76.66666666666667,68.33333333333333,76.66666666666667,2023-11-22T14:04:55.659Z
2999144,ทักษะชีวิตการเป็นนิสิตในมหาวิทยาลัย,Life Skills for Undergraduate Student,02999144 ทักษะชีวิตการเป็นนิสิตในมหาวิทยาลัย (Life Skills for Undergraduate Student),ยังไม่มีข้อมูล,0-0-0,0,6,0,4,65.0,85.0,50.0,2023-04-10T19:23:13.771Z
3751112,สังคมและการเมือง,Social and Politics,03751112 สังคมและการเมือง (Social and Politics),ยังไม่มีข้อมูล,0-0-0,0,1,0,0,0.0,0.0,0.0,2020-05-03T12:28:00.204Z
1361101,การใช้ภาษาไทยเบื้องต้น,Introductory Thai Usage,01361101 การใช้ภาษาไทยเบื้องต้น (Introductory Thai Usage),ยังไม่มีข้อมูล,0-0-0,0,1,0,10,74.0,66.0,64.0,2023-11-14T12:38:55.028Z
1354312,ภาษาเขมร,Khmer ll,01354312 ภาษาเขมร ll (Khmer ll),ยังไม่มีข้อมูล,0-0-0,0,0,0,0,0.0,0.0,0.0,2020-05-03T12:28:00.204Z
1355111,ภาษาอังกฤษพื้นฐาน,Foundation English l,01355111 ภาษาอังกฤษพื้นฐาน l (Foundation English l),ยังไม่มีข้อมูล,0-0-0,0,0,0,1,100.0,80.0,80.0,2022-11-28T21:00:39.852Z
1355113,ภาษาอังกฤษพื้นฐาน,Foundation English lll,01355113 ภาษาอังกฤษพื้นฐาน lll (Foundation English lll),ยังไม่มีข้อมูล,0-0-0,0,17,0,26,89.23076923076923,83.84615384615384,86.92307692307692,2023-11-12T23:33:57.45Z
1355115,ภาษาอังกฤษสำหรับนิสิตเตรียมแพทย์,English for Pre-Medical Students ll,01355115 ภาษาอังกฤษสำหรับนิสิตเตรียมแพทย์ ll (English for Pre-Medical Students ll),ยังไม่มีข้อมูล,0-0-0,0,0,0,1,60.0,60.0,80.0,2023-04-20T17:17:09.819Z
1355201,การอ่านภาษาอังกฤษเบื้องต้น,Fundamental English Reading,01355201 การอ่านภาษาอังกฤษเบื้องต้น (Fundamental English Reading),ยังไม่มีข้อมูล,0-0-0,0,23,0,9,-297.77777777777777,-293.3333333333333,-293.3333333333333,2023-11-25T10:02:56.717Z
1355202,การเขียนภาษาอังกฤษเบื้องต้น,Fundamental English Writing,01355202 การเขียนภาษาอังกฤษเบื้องต้น (Fundamental English Writing),ยังไม่มีข้อมูล,0-0-0,0,8,0,22,67.27272727272727,34.54545454545455,39.09090909090909,2023-06-15T22:22:41.782Z
1355206,อังกฤษวิชาการ,Technical English,01355206 อังกฤษวิชาการ (Technical English),ยังไม่มีข้อมูล,0-0-0,0,4,0,3,100.0,100.0,100.0,2023-04-08T18:54:39.023Z
1355208,ภาษาอังกฤษจากเพลง,English through Songs,01355208 ภาษาอังกฤษจากเพลง (English through Songs),ยังไม่มีข้อมูล,0-0-0,0,7,0,1,100.0,80.0,100.0,2021-11-21T16:28:54.589Z
1355209,ภาษาอังกฤษเพื่อการสื่อสารในงานอาชีพ,Communicative English for Careers,01355209 ภาษาอังกฤษเพื่อการสื่อสารในงานอาชีพ (Communicative English for Careers),ยังไม่มีข้อมูล,0-0-0,0,9,0,8,62.5,65.0,75.0,2023-06-15T23:57:12.481Z
1357111,ภาษาเยอรมันเบื้องต้น,Elementary German l,01357111 ภาษาเยอรมันเบื้องต้น l (Elementary German l),ยังไม่มีข้อมูล,0-0-0,0,6,0,3,100.0,100.0,100.0,2023-11-13T21:41:50.583Z
1357112,ภาษาเยอรมันเบื้องต้น,Elementary German ll,01357112 ภาษาเยอรมันเบื้องต้น ll (Elementary German ll),ยังไม่มีข้อมูล,0-0-0,0,0,0,0,0.0,0.0,0.0,2020-05-03T12:28:00.204Z
1358102,ภาษาญี่ปุ่นเบื้องต้น,Elementary Japanese ll,01358102 ภาษาญี่ปุ่นเบื้องต้น ll (Elementary Japanese ll),ยังไม่มีข้อมูล,0-0-0,0,1,0,1,80.0,80.0,100.0,2021-06-23T12:12:47.307Z
1358103,ภาษาญี่ปุ่นเบื้องต้น,Elementary Japanese lll,01358103 ภาษาญี่ปุ่นเบื้องต้น lll (Elementary Japanese lll),ยังไม่มีข้อมูล,0-0-0,0,0,0,1,100.0,80.0,80.0,2022-11-13T14:47:55.992Z
1358104,ภาษาญี่ปุ่นเบื้องต้น,Elementary Japanese lV,01358104 ภาษาญี่ปุ่นเบื้องต้น lV (Elementary Japanese lV),ยังไม่มีข้อมูล,0-0-0,0,0,0,0,0.0,0.0,0.0,2020-05-03T12:28:00.204Z
1362101,ภาษาจีน,Chinese l,01362101 ภาษาจีน l (Chinese l),ยังไม่มีข้อมูล,0-0-0,0,3,0,9,88.88888888888889,82.22222222222223,95.55555555555556,2023-06-27T13:20:20.265Z
1362103,ภาษาจีน,Chinese lll,01362103 ภาษาจีน lll (Chinese lll),ยังไม่มีข้อมูล,0-0-0,0,0,0,0,0.0,0.0,0.0,2020-05-03T12:28:00.204Z
1362104,ภาษาจีน,Chinese lV,01362104 ภาษาจีน lV (Chinese lV),ยังไม่มีข้อมูล,0-0-0,0,0,0,0,0.0,0.0,0.0,2020-05-03T12:28:00.204Z
1362105,ภาษาจีน,Chinese V,01362105 ภาษาจีน V (Chinese V),ยังไม่มีข้อมูล,0-0-0,0,0,0,0,0.0,0.0,0.0,2020-05-03T12:28:00.204Z
1367311,ภาษาพม่า,Myanmar Language l,01367311 ภาษาพม่า l (Myanmar Language l),ยังไม่มีข้อมูล,0-0-0,0,0,0,0,0.0,0.0,0.0,2020-05-03T12:28:00.204Z
1367312,ภาษาพม่า,Myanmar Language ll,01367312 ภาษาพม่า ll (Myanmar Language ll),ยังไม่มีข้อมูล,0-0-0,0,0,0,0,0.0,0.0,0.0,2020-05-03T12:28:00.204Z
1367411,ภาษาพม่า,Myanmar Language lll,01367411 ภาษาพม่า lll (Myanmar Language lll),ยังไม่มีข้อมูล,0-0-0,0,0,0,0,0.0,0.0,0.0,2020-05-03T12:28:00.204Z
1395101,ภาษาเกาหลีเพื่อการศึกษา,Communicative Korean l,01395101 ภาษาเกาหลีเพื่อการศึกษา l (Communicative Korean l),ยังไม่มีข้อมูล,0-0-0,0,2,0,8,97.5,95.0,100.0,2022-04-18T20:15:37.227Z
1395102,ภาษาเกาหลีเพื่อการศึกษา,Communicative Korean ll,01395102 ภาษาเกาหลีเพื่อการศึกษา ll (Communicative Korean ll),ยังไม่มีข้อมูล,0-0-0,0,1,0,1,100.0,100.0,100.0,2023-06-08T01:02:18.045Z
1395103,ภาษาเกาหลีเพื่อการศึกษา,Communicative Korean lll,01395103 ภาษาเกาหลีเพื่อการศึกษา lll (Communicative Korean lll),ยังไม่มีข้อมูล,0-0-0,0,0,0,0,0.0,0.0,0.0,2020-05-03T12:28:00.204Z
1395105,การอ่านและรายงานภาษาเกาหลี,Korean Reading and Oral Report,01395105 การอ่านและรายงานภาษาเกาหลี (Korean Reading and Oral Report),ยังไม่มีข้อมูล,0-0-0,0,0,0,0,0.0,0.0,0.0,2020-05-03T12:28:00.204Z
1398104,ภาษามลายูเพื่อการสื่อสาร,Communicative Malayu lV,01398104 ภาษามลายูเพื่อการสื่อสาร lV (Communicative Malayu lV),ยังไม่มีข้อมูล,0-0-0,0,0,0,0,0.0,0.0,0.0,2020-05-03T12:28:00.204Z
1398106,การฟัง-พูดภาษามลายู,Malayu Listening and Speaking,01398106 การฟัง-พูดภาษามลายู (Malayu Listening and Speaking),ยังไม่มีข้อมูล,0-0-0,0,0,0,0,0.0,0.0,0.0,2020-05-03T12:28:00.204Z
1399105,การอ่านภาษาเวียดนาม,Vietnamese Reading,01399105 การอ่านภาษาเวียดนาม (Vietnamese Reading),ยังไม่มีข้อมูล,0-0-0,0,0,0,0,0.0,0.0,0.0,2020-05-03T12:28:00.204Z
1399106,การฟัง-พูดภาษาเวียดนาม,Vietnamese Listening and Speaking,01399106 การฟัง-พูดภาษาเวียดนาม (Vietnamese Listening and Speaking),ยังไม่มีข้อมูล,0-0-0,0,0,0,0,0.0,0.0,0.0,2020-05-03T12:28:00.204Z
1999211,คณิตศาสตร์และคอมพิวเตอร์ในชีวิตประจ้าวัน,Mathematics and Computer in Everyday Life,01999211 คณิตศาสตร์และคอมพิวเตอร์ในชีวิตประจ้าวัน (Mathematics and Computer in Everyday Life),ยังไม่มีข้อมูล,0-0-0,0,1,0,0,0.0,0.0,0.0,2020-05-03T12:28:00.204Z
1240011,การออกแบบในชีวิตประจำวัน,Design in Everyday Life,01240011 การออกแบบในชีวิตประจำวัน (Design in Everyday Life),ยังไม่มีข้อมูล,0-0-0,0,10,0,5,96.0,72.0,92.0,2023-11-21T21:04:36.105Z
1418102,เทคโนโลยีสารสนเทศเพื่อผู้ประกอบการ,Information Technology for Entrepreneurs,01418102 เทคโนโลยีสารสนเทศเพื่อผู้ประกอบการ (Information Technology for Entrepreneurs),ยังไม่มีข้อมูล,0-0-0,0,2,0,1,60.0,60.0,60.0,2022-12-12T01:32:23.74Z
1131111,การเงินสำหรับผู้ประกอบการ,Finance for Entrepreneurs,01131111 การเงินสำหรับผู้ประกอบการ (Finance for Entrepreneurs),ยังไม่มีข้อมูล,0-0-0,3,3,0,0,0.0,0.0,0.0,0001-01-01T00:00:00Z
1175124,แฮนด์บอลเพื่อสุขภาพ,Handball for Health,01175124 แฮนด์บอลเพื่อสุขภาพ (Handball for Health),ยังไม่มีข้อมูล,0-0-0,0,0,0,2,100.0,100.0,100.0,2023-11-10T20:16:11.986Z
1175125,ซอฟท์บอลเพื่อสุขภาพ,Softball for Health,01175125 ซอฟท์บอลเพื่อสุขภาพ (Softball for Health),ยังไม่มีข้อมูล,0-0-0,0,1,0,3,100.0,100.0,100.0,2023-11-22T21:50:35.371Z
1175127,ฮอกกี้เพื่อสุขภาพ,Hockey for Health,01175127 ฮอกกี้เพื่อสุขภาพ (Hockey for Health),ยังไม่มีข้อมูล,0-0-0,0,0,0,8,97.5,92.5,90.0,2022-11-16T11:06:20.484Z
1175162,โบว์ลิ่งเพื่อสุขภาพ,Bowling for Health,01175162 โบว์ลิ่งเพื่อสุขภาพ (Bowling for Health),ยังไม่มีข้อมูล,0-0-0,0,1,0,3,73.33333333333333,80.0,73.33333333333333,2023-11-24T17:01:41.976Z
1175163,กอล์ฟเพื่อสุขภาพ,Golf for Health,01175163 กอล์ฟเพื่อสุขภาพ (Golf for Health),ยังไม่มีข้อมูล,0-0-0,0,4,0,7,100.0,100.0,100.0,2023-11-28T19:39:42.521Z
1175165,การฝึกด้วยน้ำหนักเพื่อสุขภาพ,Weight Training for Health,01175165 การฝึกด้วยน้ำหนักเพื่อสุขภาพ (Weight Training for Health),ยังไม่มีข้อมูล,0-0-0,0,4,0,14,-14.285714285714286,-40.0,-14.285714285714286,2023-11-25T21:12:20.576Z
1175168,การวิ่งเหยาะเพื่อสุขภาพ,Jogging for Health,01175168 การวิ่งเหยาะเพื่อสุขภาพ (Jogging for Health),ยังไม่มีข้อมูล,0-0-0,0,6,0,9,91.11111111111111,91.11111111111111,82.22222222222223,2023-11-17T11:17:52.188Z
3768121,บาสเกตบอล,Basketball,03768121 บาสเกตบอล (Basketball),ยังไม่มีข้อมูล,0-0-0,0,0,0,0,0.0,0.0,0.0,2020-05-03T12:28:00.203Z
1459102,จิตวิทยากับความหลากหลายของมนุษย์,Psychology and Human Diversity,01459102 จิตวิทยากับความหลากหลายของมนุษย์ (Psychology and Human Diversity),ยังไม่มีข้อมูล,0-0-0,0,3,0,1,100.0,80.0,100.0,2021-04-28T13:30:48.033Z
1999011,อาหารเพื่อมนุษยชาติ,Food for Mankind,01999011 อาหารเพื่อมนุษยชาติ (Food for Mankind),ยังไม่มีข้อมูล,0-0-0,0,3,0,3,73.33333333333333,66.66666666666667,73.33333333333333,2022-11-24T21:03:42.917Z
1999012,สุขภาพเพื่อชีวิต,Health for Life,01999012 สุขภาพเพื่อชีวิต (Health for Life),ยังไม่มีข้อมูล,0-0-0,0,14,0,44,63.181818181818194,71.81818181818181,62.72727272727273,2023-11-22T11:11:18.049Z
1999033,ศิลปะการดำเนินชีวิต,Arts of Living,01999033 ศิลปะการดำเนินชีวิต (Arts of Living),ยังไม่มีข้อมูล,0-0-0,0,5,0,26,69.23076923076921,77.69230769230768,63.076923076923066,2023-12-21T13:45:33.388Z
1999051,การพัฒนาสมรรถนะหลักผ่านสุขภาพหนึ่งเดียว,Development of Core Competency through One Health,01999051 การพัฒนาสมรรถนะหลักผ่านสุขภาพหนึ่งเดียว (Development of Core Competency through One Health),ยังไม่มีข้อมูล,0-0-0,0,1,0,7,88.57142857142857,74.28571428571429,91.42857142857144,2023-06-21T13:33:13.289Z
1132101,ผู้ประกอบการรุ่นใหม่,Modern Entrepreneur,01132101 ผู้ประกอบการรุ่นใหม่ (Modern Entrepreneur),ยังไม่มีข้อมูล,0-0-0,0,1,0,1,100.0,60.0,100.0,2020-05-17T22:18:29.418Z
1200101,การคิดเชิงนวัตกรรม,Innovative Thinking,01200101 การคิดเชิงนวัตกรรม (Innovative Thinking),ยังไม่มีข้อมูล,0-0-0,0,9,0,8,-20.0,-127.5,-20.0,2023-11-22T23:31:54.428Z
3600014,การแก้ปัญหาเชิงสร้างสรรค์และทักษะการคิดเชิงวิพากษ์,Creative Problem Solving and Critical Thinking Skills,03600014 การแก้ปัญหาเชิงสร้างสรรค์และทักษะการคิดเชิงวิพากษ์ (Creative Problem Solving and Critical Thinking Skills),ยังไม่มีข้อมูล,0-0-0,0,0,0,1,80.0,60.0,80.0,2021-04-27T20:38:20.51Z
1999111,ศาสตร์แห่งแผ่นดิน,Knowledge of the Land,01999111 ศาสตร์แห่งแผ่นดิน (Knowledge of the Land),ยังไม่มีข้อมูล,0-0-0,0,0,1,32,78.12499999999999,76.875,62.5,2023-11-17T10:37:29.54Z
1390102,การท่องเที่ยวเชิงสร้างสรรค์,Creative Tourism,01390102 การท่องเที่ยวเชิงสร้างสรรค์ (Creative Tourism),ยังไม่มีข้อมูล,0-0-0,0,2,0,5,84.0,72.0,68.0,2023-11-12T23:59:23.073Z
1999031,มรดกอารยธรรมโลก,Thai Heritage of World Civilization,01999031 มรดกอารยธรรมโลก (Thai Heritage of World Civilization),ยังไม่มีข้อมูล,0-0-0,0,9,0,20,77.00000000000001,74.0,85.99999999999999,2023-11-14T15:46:58.67Z
1999046,การพัฒนาความมั่นคงแห่งชาติ,National Security Development,01999046 การพัฒนาความมั่นคงแห่งชาติ (National Security Development),ยังไม่มีข้อมูล,0-0-0,0,2,0,2,80.0,100.0,70.0,2023-11-14T01:02:41.777Z
1999047,การทหารเพื่อพัฒนาประเทศ,Military for Country Development,01999047 การทหารเพื่อพัฒนาประเทศ (Military for Country Development),ยังไม่มีข้อมูล,0-0-0,0,3,0,3,93.33333333333331,100.0,86.66666666666667,2023-04-17T16:36:30.246Z
2999042,การพัฒนานิสิต,Student Development,02999042 การพัฒนานิสิต (Student Development),ยังไม่มีข้อมูล,0-0-0,0,1,0,0,0.0,0.0,0.0,2020-05-03T12:28:00.204Z
4804115,จิตอาสาเพื่อพัฒนาชุมชน,Volunteer Spirit for Community Development,04804115 จิตอาสาเพื่อพัฒนาชุมชน (Volunteer Spirit for Community Development),ยังไม่มีข้อมูล,0-0-0,0,1,0,0,0.0,0.0,0.0,2020-05-03T12:28:00.204Z
1354411,ภาษาเขมร,Khmer lll,01354411 ภาษาเขมร lll (Khmer lll),ยังไม่มีข้อมูล,0-0-0,0,0,0,0,0.0,0.0,0.0,2020-05-03T21:10:32.914Z
1355112,ภาษาอังกฤษพื้นฐาน,Foundation English ll,01355112 ภาษาอังกฤษพื้นฐาน ll (Foundation English ll),ยังไม่มีข้อมูล,0-0-0,0,9,0,18,75.55555555555556,73.33333333333333,72.22222222222223,2023-04-12T10:18:36.188Z
1355207,การเขียนตอบโต้ภาษาอังกฤษ,English Correspondence,01355207 การเขียนตอบโต้ภาษาอังกฤษ (English Correspondence),ยังไม่มีข้อมูล,0-0-0,0,0,0,4,95.0,70.0,95.0,2023-11-28T13:55:14.698Z
1356103,ภาษาฝรั่งเศสเบื้องต้น,Elementary French lll,01356103 ภาษาฝรั่งเศสเบื้องต้น lll (Elementary French lll),ยังไม่มีข้อมูล,0-0-0,0,0,0,0,0.0,0.0,0.0,2022-12-15T00:04:47.989Z
1358101,ภาษาญี่ปุ่นเบื้องต้น,Elementary Japanese l,01358101 ภาษาญี่ปุ่นเบื้องต้น l (Elementary Japanese l),ยังไม่มีข้อมูล,0-0-0,0,15,0,5,92.0,92.0,92.0,2023-11-16T00:43:42.882Z
1362102,ภาษาจีน,Chinese ll,01362102 ภาษาจีน ll (Chinese ll),ยังไม่มีข้อมูล,0-0-0,0,1,0,2,80.0,100.0,100.0,2023-04-11T14:51:29.673Z
1395104,ภาษาเกาหลีเพื่อการศึกษา,Communicative Korean lV,01395104 ภาษาเกาหลีเพื่อการศึกษา lV (Communicative Korean lV),ยังไม่มีข้อมูล,0-0-0,0,0,0,0,0.0,0.0,0.0,2020-05-03T12:28:00.204Z
1398101,ภาษามลายูเพื่อการสื่อสาร,Communicative Malayu l,01398101 ภาษามลายูเพื่อการสื่อสาร l (Communicative Malayu l),ยังไม่มีข้อมูล,0-0-0,0,0,0,0,0.0,0.0,0.0,2020-05-03T12:28:00.204Z
1398105,การอ่านภาษามลายู,Malayu Reading,01398105 การอ่านภาษามลายู (Malayu Reading),ยังไม่มีข้อมูล,0-0-0,0,0,0,0,0.0,0.0,0.0,2020-05-03T12:28:00.204Z
2724011,การสื่อสารระหว่างวัฒนธรรม,Intercultural Communication,02724011 การสื่อสารระหว่างวัฒนธรรม (Intercultural Communication),ยังไม่มีข้อมูล,0-0-0,0,0,0,0,0.0,0.0,0.0,2020-05-03T12:28:00.204Z
3754111,ภาษาอังกฤษ,Foundation English l,03754111 ภาษาอังกฤษ l (Foundation English l),ยังไม่มีข้อมูล,0-0-0,0,0,0,0,0.0,0.0,0.0,2020-05-03T12:28:00.204Z
1418111,การใช้งานคอมพิวเตอร์,Computer Application,01418111 การใช้งานคอมพิวเตอร์ (Computer Application),ยังไม่มีข้อมูล,0-0-0,0,3,0,2,90.0,90.0,90.0,2021-05-26T17:47:33.597Z
1009102,ทรัพยากรการเกษตรและสิ่งแวดล้อม,Agricultural Resources and Environment,01009102 ทรัพยากรการเกษตรและสิ่งแวดล้อม (Agricultural Resources and Environment),ยังไม่มีข้อมูล,0-0-0,0,12,0,18,-18.88888888888889,3.333333333333333,4.444444444444445,2023-11-16T00:07:36.17Z
1999034,ศิลปวิจักษณ์,Art Perception,01999034 ศิลปวิจักษณ์ (Art Perception),ยังไม่มีข้อมูล,0-0-0,0,2,1,9,-88.88888888888889,-40.0,-122.22222222222224,2023-11-20T01:11:50.402Z
3600012,เทคโนโลยีสีเขียว,Green Technology,03600012 เทคโนโลยีสีเขียว (Green Technology),ยังไม่มีข้อมูล,0-0-0,0,1,0,0,0.0,0.0,0.0,2020-05-03T12:28:00.204Z
1373102,วัฒนธรรมทัศนาการกับชีวิต,Visual Culture and Life,01373102 วัฒนธรรมทัศนาการกับชีวิต (Visual Culture and Life),ยังไม่มีข้อมูล,0-0-0,3,0,0,0,0.0,0.0,0.0,0001-01-01T00:00:00Z
1179101,ทักษะการประกอบการ,Entrepreneurial Skills,01179101 ทักษะการประกอบการ (Entrepreneurial Skills),ยังไม่มีข้อมูล,3-0-6,3,0,0,2,90.0,80.0,80.0,2023-12-01T17:01:17.595Z
1401201,พืชเพื่อการสร้างคุณค่าชีวิต,Plants for Value of Life Creation,01401201 พืชเพื่อการสร้างคุณค่าชีวิต (Plants for Value of Life Creation),ยังไม่มีข้อมูล,3-0-6,3,1,0,12,98.33333333333331,98.33333333333331,98.33333333333331,2023-11-30T05:36:53.516Z
1416101,พันธุศาสตร์ในสื่อ,Genetics in Media,01416101 พันธุศาสตร์ในสื่อ (Genetics in Media),ยังไม่มีข้อมูล,3-0-6,3,0,0,1,80.0,100.0,80.0,2023-11-26T14:52:45.544Z
1387105,พุทธจริยศาสตร์ในการดำเนินธุรกิจ,Buddhist Ethics of Business Operations,01387105 พุทธจริยศาสตร์ในการดำเนินธุรกิจ (Buddhist Ethics of Business Operations),ยังไม่มีข้อมูล,3-0-6,3,0,0,1,100.0,100.0,100.0,2023-11-29T08:16:09.58Z
1355101,ภาษาอังกฤษในชีวิตประจําวัน,English for Everyday Life,01355101 ภาษาอังกฤษในชีวิตประจําวัน (English for Everyday Life),ยังไม่มีข้อมูล,3-0-6,3,0,0,0,0.0,0.0,0.0,0001-01-01T00:00:00Z
1355102,ภาษาอังกฤษในมหาวิทยาลัย,English for University Life,01355102 ภาษาอังกฤษในมหาวิทยาลัย (English for University Life),ยังไม่มีข้อมูล,3-0-6,3,0,0,0,0.0,0.0,0.0,0001-01-01T00:00:00Z
1355103,ภาษาอังกฤษเพื่อโอกาสในการทํางาน,English for Job Opportunities,01355103 ภาษาอังกฤษเพื่อโอกาสในการทํางาน (English for Job Opportunities),ยังไม่มีข้อมูล,3-0-6,3,0,0,0,0.0,0.0,0.0,0001-01-01T00:00:00Z
1355107,ทักษะการเขียนภาษาอังกฤษที่จําเป็น,Essential English Writing Skills,01355107 ทักษะการเขียนภาษาอังกฤษที่จําเป็น (Essential English Writing Skills),ยังไม่มีข้อมูล,3-0-6,3,0,0,1,100.0,100.0,100.0,2023-12-01T16:05:38.525Z
1355108,ภาษาอังกฤษและวัฒนธรรมจากเพลง,English and Culture through Songs,01355108 ภาษาอังกฤษและวัฒนธรรมจากเพลง (English and Culture through Songs),ยังไม่มีข้อมูล,3-0-6,3,1,0,0,0.0,0.0,0.0,0001-01-01T00:00:00Z
1355109,ทักษะการฟัง-การพูดภาษาอังกฤษที่จําเป็น,Essential English Listening-Speaking Skills,01355109 ทักษะการฟัง-การพูดภาษาอังกฤษที่จําเป็น (Essential English Listening-Speaking Skills),ยังไม่มีข้อมูล,3-0-6,3,0,0,0,0.0,0.0,0.0,0001-01-01T00:00:00Z
1355119,ทักษะการอ่านภาษาอังกฤษที่จําเป็น,Essential English Reading Skills,01355119 ทักษะการอ่านภาษาอังกฤษที่จําเป็น (Essential English Reading Skills),ยังไม่มีข้อมูล,3-0-6,3,0,0,0,0.0,0.0,0.0,0001-01-01T00:00:00Z
1355121,คําและการออกเสียงในภาษาอังกฤษ,English Words and Pronunciation,01355121 คําและการออกเสียงในภาษาอังกฤษ (English Words and Pronunciation),ยังไม่มีข้อมูล,3-0-6,3,0,0,0,0.0,0.0,0.0,0001-01-01T00:00:00Z
1388101,จริยธรรมเพื่อสุนทรียภาพแห่งชีวิต,Ethics for the Aesthetics of Life,01388101 จริยธรรมเพื่อสุนทรียภาพแห่งชีวิต (Ethics for the Aesthetics of Life),ยังไม่มีข้อมูล,3-0-6,3,2,0,5,92.0,88.0,100.0,2023-11-26T11:18:44.038Z
